No,階層,単語数,キーワード,isPosted
100,1,1,golang,1
101,2,1,golang,1
102,2,2,golang map,1
103,2,2,golang playground,1
104,2,2,golang for,1
105,2,2,golang install,1
106,2,2,golang interface,1
107,2,2,golang echo,1
108,2,1,golangci-lint,1
109,2,2,golang switch,1
110,2,2,golang gin,1
200,1,2,golang map,1
201,2,3,golang map 初期化,1
202,2,3,golang map 存在確認,1
203,2,3,golang map for,1
204,2,3,golang map 追加,
205,2,3,golang map keys,
206,2,3,golang map range,
207,2,2,golang maps,
208,2,3,golang map delete,
209,2,3,golang map sort,
300,1,2,golang playground,1
301,2,3,golang playground validator,
302,2,3,golang playground map,
303,2,3,golang playground time,
304,2,3,golang playground tutorial,
305,2,4,golang playground json unmarshal,
306,2,3,golang playground slice,
307,2,3,golang playground strings,
308,2,4,golang playground import package,
309,2,4,golang playground time now,
400,1,2,golang for,1
401,2,2,golang for文,
402,2,2,golang format,
403,2,3,golang for break,
404,2,3,golang format string,1
405,2,2,golang フォルダ構成,
406,2,2,golang formatter,1
407,2,3,golang format bool,
408,2,3,golang for defer,
409,2,3,golang for map,
500,1,2,golang install,1
501,2,3,golang install ubuntu,
502,2,3,golang install mac,
503,2,3,golang install linux,
504,2,3,golang install windows,
505,2,3,golang install centos,
506,2,3,golang install apt,
507,2,3,golang install version,
508,2,3,golang install module,
509,2,3,golang install package,
600,1,2,golang interface,1
601,2,4,golang interface to string,
602,2,3,golang interface cast,
603,2,3,golang interface 実装,
604,2,3,golang interface pointer,
605,2,2,golang interface型,
606,2,3,golang interface struct,
607,2,3,golang interface generics,
608,2,3,golang interface 継承,
609,2,3,golang interface 型アサーション,
700,1,2,golang echo,1
701,2,3,golang echo middleware,
702,2,3,golang echo context,
703,2,3,golang echo bind,
704,2,3,golang echo logger,
705,2,3,golang echo gin,
706,2,3,golang echo test,
707,2,3,golang echo session,
708,2,4,golang echo request body,
709,2,3,golang echo jwt,
800,1,1,golangci-lint,1
801,2,2,golangci-lint install,
802,2,2,golangci-lint vscode,
803,2,1,golangci-lint-action,
804,2,2,golangci-lint run,
805,2,2,golangci-lint ignore,
806,2,2,golangci-lint docker,
807,2,2,golangci-lint インストール,
808,2,2,golangci-lint cache,
809,2,2,golangci-lint timeout,
900,1,2,golang switch,1
901,2,4,golang switch case 複数,
902,2,3,golang switch break,
903,2,3,golang switch type,
904,2,3,golang switch fallthrough,
905,2,3,golang switch 複数条件,
906,2,3,golang switch continue,
907,2,4,golang switch case or,
908,2,4,golang switch case 何もしない,
1000,1,2,golang gin,1
1001,2,3,golang gin middleware,
1002,2,4,golang gin echo 比較,
1003,2,3,golang gin echo,
1004,2,3,golang gin cors,
1005,2,2,golang ginkgo,
1006,2,4,golang gin vs echo,
1007,2,3,golang gin post,
1008,2,3,golang gin api,
1009,2,3,golang gin test,
1100,1,2,golang map,1
1200,1,2,golang playground,1
1300,1,2,golang for,1
1400,1,2,golang install,1
1500,1,2,golang interface,1
1600,1,2,golang echo,1
1700,1,2,golang switch,1
1800,1,2,golang gin,1
1900,1,2,golang generics,
2000,1,2,golang context,
2100,1,2,golang アスタリスク,
2200,1,2,golang アーキテクチャ,
2300,1,2,golang アップデート,
2400,1,2,golang アプリ,
2500,1,2,golang 案件,
2600,1,2,golang 余り,
2700,1,2,golang 暗号化,
2800,1,2,golang アイコン,
2900,1,2,golang アノテーション,
3000,1,2,golang アサーション,
3100,1,2,golang インストール,
3200,1,2,golang インターフェース,
3300,1,2,golang インクリメント,
3400,1,2,golang インスタンス,
3500,1,2,golang インターン,
3600,1,3,golang インストール mac,
3700,1,2,golang 意味,
3800,1,2,golang インメモリキャッシュ,
3900,1,2,golang イベント,
4000,1,2,golang イテレータ,
4100,1,2,golang 埋め込み,
4200,1,3,golang 埋め込み ポインタ,
4300,1,3,golang 埋め込み 初期化,
4400,1,2,golang 写文件,
4500,1,2,golang uuid,
4600,1,2,golang websocket,
4700,1,3,golang web framework,
4800,1,3,golang while loop,
4900,1,4,golang what is context,
5000,1,3,golang with docker,
5100,1,2,golang エラーハンドリング,
5200,1,2,golang エスケープ,
5300,1,2,golang 演算子,
5400,1,2,golang エラー,
5500,1,2,golang エラー処理,
5600,1,2,golang エンジニア,
5700,1,3,golang エラー ラップ,
5800,1,2,golang エディタ,
5900,1,2,golang 絵文字,
6000,1,3,golang エラー スタックトレース,
6100,1,2,golang オワコン,
6200,1,2,golang オブジェクト指向,
6300,1,2,golang オーバーロード,
6400,1,2,golang オニオンアーキテクチャ,
6500,1,2,golang オプション引数,
6600,1,2,golang オブジェクト,
6700,1,3,golang 大文字 小文字,
6800,1,2,golang オーバーライド,
6900,1,4,golang 大文字 小文字 変換,
7000,1,2,golang オブジェクト型,
7100,1,2,golang 環境変数,
7200,1,2,golang 環境構築,
7300,1,2,golang 関数,
7400,1,2,golang 可変長引数,
7500,1,2,golang 開発環境,
7600,1,2,golang 関数型,
7700,1,3,golang 関数 引数,
7800,1,2,golang 型チェック,
7900,1,3,golang 環境変数 設定,
8000,1,3,golang 環境変数 読み込み,
8100,1,2,golang キャスト,
8200,1,2,golang 求人,
8300,1,2,golang 機械学習,
8400,1,2,golang 切り捨て,
8500,1,2,golang 競技プログラミング,
8600,1,2,golang 基礎,
8700,1,2,golang キャラクター,
8800,1,2,golang 今日の日付,
8900,1,2,golang 嫌い,
9000,1,2,golang キュー,
9100,1,2,golang クリーンアーキテクチャ,
9200,1,2,golang クラス,
9300,1,2,golang クロージャ,
9400,1,2,golang クロスコンパイル,
9500,1,2,golang 組み込み,
9600,1,3,golang 空白 削除,
9700,1,3,golang クエリパラメータ 取得,
9800,1,2,golang 繰り返し,
9900,1,2,golang クエリパラメータ,
10000,1,3,golang クリーンアーキテクチャ ディレクトリ,
10100,1,2,golang 継承,
10200,1,2,golang 経過時間,
10300,1,2,golang 形態素解析,
10400,1,2,golang 検索,
10500,1,2,golang 計測,
10600,1,2,golang 計算,
10700,1,2,golang 検索機能,
10800,1,2,golang 掲示板,
10900,1,2,golang 研修,
11000,1,2,golang 継承がない理由,
11100,1,2,golang 構造体,
11200,1,3,golang 構造体 初期化,
11300,1,2,golang コンストラクタ,
11400,1,2,golang コマンドライン引数,
11500,1,3,golang 構造体 配列,
11600,1,2,golang コメント,
11700,1,2,golang コンパイル,
11800,1,3,golang 構造体 json,
11900,1,2,golang コマンド実行,
12000,1,3,golang 構造体 コピー,
12100,1,2,golang 三項演算子,
12200,1,2,golang 最新,
12300,1,2,golang 参照渡し,
12400,1,2,golang サポート期限,
12500,1,2,golang 採用企業,
12600,1,2,golang 再帰関数,
12700,1,2,golang 参考書,
12800,1,2,golang サーバー,
12900,1,2,golang サンプル,
13000,1,2,golang 最新版,
13100,1,2,golang 資格,
13200,1,2,golang 四捨五入,
13300,1,2,golang 書籍,
13400,1,2,golang 初期化,
13500,1,2,golang シングルトン,
13600,1,2,golang 初心者,
13700,1,3,golang 処理時間 計測,
13800,1,2,golang 書式指定子,
13900,1,2,golang シングルクォート,
14000,1,2,golang 小数点,
14100,1,2,golang スライス,
14200,1,3,golang スライス 初期化,
14300,1,2,golang スクレイピング,
14400,1,3,golang 数値 文字列,
14500,1,3,golang スライス 追加,
14600,1,2,golang スタックトレース,
14700,1,3,golang スライス 削除,
14800,1,3,golang スライス 結合,
14900,1,2,golang スレッド,
15000,1,3,golang スライス ポインタ,
15100,1,2,golang 正規表現,
15200,1,3,golang 正規表現 抽出,
15300,1,2,golang 設定ファイル,
15400,1,2,golang 静的解析,
15500,1,3,golang 正規表現 チェッカー,
15600,1,3,golang 正規表現 置換,
15700,1,3,golang 正規表現 エスケープ,
15800,1,2,golang 設計,
15900,1,2,golang セマフォ,
16000,1,3,golang 先頭 大文字,
16100,1,2,golang ソート,
16200,1,2,golang 空配列,
16300,1,2,golang 即時関数,
16400,1,2,golang 存在チェック,
16500,1,2,golang 相対パス,
16600,1,2,golang 速度,
16700,1,2,golang ソケット通信,
16800,1,3,golang 速度 計測,
16900,1,2,golang 空の構造体,
17000,1,2,golang ソースコード,
17100,1,2,golang タグ,
17200,1,2,golang 多次元配列,
17300,1,2,golang 単体テスト,
17400,1,2,golang タプル,
17500,1,2,golang タイマー,
17600,1,2,golang タイムゾーン,
17700,1,2,golang 単価,
17800,1,2,golang 待機,
17900,1,2,golang タイムアウト,
18000,1,2,golang 多言語対応,
18100,1,2,golang チュートリアル,
18200,1,2,golang チャネル,
18300,1,2,golang 置換,
18400,1,2,golang 重複削除,
18500,1,2,golang 値オブジェクト,
18600,1,2,golang 値渡し,
18700,1,2,golang 重複チェック,
18800,1,2,golang 中級者,
18900,1,3,golang 値渡し 参照渡し,
19000,1,2,golang チルダ,
19100,1,2,golang つらい,
19200,1,2,golang 使いどころ,
19300,1,2,golang 使いにくい,
19400,1,2,golang 使い方,
19500,1,2,golang 強み,
19600,1,2,golang 作れるもの,
19700,1,2,golang 使い道,
19800,1,2,golang 1日前,
19900,1,2,golang ツール,
20000,1,2,golang 定数,
20100,1,2,golang テスト,
20200,1,3,golang 定数 命名規則,
20300,1,2,golang 定期実行,
20400,1,2,golang 転職,
20500,1,3,golang テキストファイル 読み込み,
20600,1,2,golang テンプレートリテラル,
20700,1,2,golang テーブル駆動テスト,
20800,1,2,golang テンプレート,
20900,1,3,golang 定数 構造体,
21000,1,2,golang とは,
21100,1,2,golang 特徴,
21200,1,2,golang トランザクション,
21300,1,2,golang とほほ,
21400,1,2,golang 匿名関数,
21500,1,2,golang 特定の文字を削除,
21600,1,2,golang トレンド,
21700,1,2,golang tour,
21800,1,3,golang to string,
21900,1,3,golang to json,
22000,1,2,golang 名前付き戻り値,
22100,1,2,golang 名前付き引数,
22200,1,2,golang 何がいい,
22300,1,2,golang 何ができる,
22400,1,2,golang 難読化,
22500,1,2,golang 直和型,
22600,1,2,golang 内包表記,
22700,1,2,golang 難易度,
22800,1,2,golang nan,
22900,1,2,golang namespace,
23000,1,2,golang 入門,
23100,1,2,golang 二次元配列,
23200,1,2,golang 認証認可,
23300,1,2,golang 日本語,
23400,1,2,golang 人気,
23500,1,2,golang 認証,
23600,1,2,golang 入力待ち,
23700,1,2,golang 入門書,
23800,1,2,golang 入力,
23900,1,3,golang 日本語 ドキュメント,
24000,1,2,golang null,
24100,1,2,golang nullable,
24200,1,2,golang numpy,
24300,1,3,golang null string,
24400,1,3,golang null int,
24500,1,2,golang number,
24600,1,3,golang null time,
24700,1,2,golang nuts,
24800,1,4,golang number to string,
24900,1,3,golang null check,
25000,1,2,golang ネイティブアプリ,
25100,1,2,golang 年収,
25200,1,2,golang ネットワークプログラミング,
25300,1,2,golang new,
25400,1,2,golang net/http,
25500,1,2,golang net,
25600,1,3,golang new error,
25700,1,3,golang new struct,
25800,1,2,golang net/url,
25900,1,2,golang net.dial,
26000,1,2,golang now,
26100,1,2,golang not,
26200,1,2,golang nodejs,
26300,1,2,golang nolint,
26400,1,2,golang nopcloser,
26500,1,5,golang not exported by package,
26600,1,6,golang (no value) used as value,
26700,1,2,golang nosql,
26800,1,3,golang not equal,
26900,1,4,golang no test files,
27000,1,2,golang 配列,
27100,1,3,golang 配列 初期化,
27200,1,3,golang 配列 追加,
27300,1,3,golang 配列 長さ,
27400,1,3,golang 配列 存在チェック,
27500,1,3,golang 配列 削除,
27600,1,3,golang 配列 結合,
27700,1,2,golang 流行らない,
27800,1,3,golang 配列 スライス,
27900,1,3,golang 配列 for,
28000,1,2,golang 標準入力,
28100,1,2,golang 引数,
28200,1,3,golang 日付 フォーマット,
28300,1,2,golang 標準出力,
28400,1,3,golang 引数 デフォルト,
28500,1,2,golang 日付,
28600,1,3,golang 日付 比較,
28700,1,2,golang 標準ライブラリ,
28800,1,2,golang ヒアドキュメント,
28900,1,2,golang 非同期,
29000,1,2,golang フレームワーク,
29100,1,2,golang ファイル読み込み,
29200,1,2,golang ファイル書き込み,
29300,1,2,golang 副業,
29400,1,2,golang フォルダ構成,
29500,1,2,golang ファイル削除,
29600,1,2,golang ファイル名,
29700,1,2,golang ファイル作成,
29800,1,2,golang ファイル分割,
29900,1,3,golang ファイル読み込み 1行,
30000,1,2,golang 並列処理,
30100,1,2,golang 変数,
30200,1,3,golang 変数 初期化,
30300,1,2,golang 変数名,
30400,1,3,golang 変数 スコープ,
30500,1,2,golang 変数展開,
30600,1,2,golang 平方根,
30700,1,3,golang 変数 型,
30800,1,3,golang 変数名 取得,
30900,1,3,golang 並行処理 並列処理,
31000,1,2,golang 本,
31100,1,2,golang ホットリロード,
31200,1,3,golang ホスト名 取得,
31300,1,4,golang how to test,
31400,1,6,golang how to import local package,
31500,1,4,golang how to sleep,
31600,1,4,golang how to interface,
31700,1,4,golang how to log,
31800,1,4,golang how to print,
31900,1,6,golang how to read a file,
32000,1,2,golang マルチスレッド,
32100,1,2,golang マイクロサービス,
32200,1,2,golang マイグレーション,
32300,1,2,golang マップ,
32400,1,2,golang マスコット,
32500,1,2,golang マイグレーションツール,
32600,1,2,golang マクロ,
32700,1,2,golang マニュアル,
32800,1,2,golang 枚举,
32900,1,2,golang map,1
33000,1,2,golang ミドルウェア,
33100,1,2,golang ミリ秒,
33200,1,2,golang 未経験,
33300,1,2,golang migrate,
33400,1,2,golang min,
33500,1,6,golang mixed named and unnamed parameters,
33600,1,4,golang milliseconds to time,
33700,1,2,golang mime,
33800,1,3,golang migrate install,
33900,1,6,golang missing type in composite literal,
34000,1,2,golang 無名関数,
34100,1,2,golang 無限ループ,
34200,1,2,golang 無名構造体,
34300,1,2,golang 難しい,
34400,1,3,golang 無名関数 メリット,
34500,1,2,golang mutex,
34600,1,2,golang multipart/form-data,
34700,1,2,golang multipart,
34800,1,2,golang mux,
34900,1,2,golang must,
35000,1,2,golang 命名規則,
35100,1,2,golang メソッド,
35200,1,2,golang メリット,
35300,1,2,golang メモリリーク,
35400,1,2,golang メール送信,
35500,1,2,golang メモリ使用量,
35600,1,4,golang メソッド 関数 使い分け,
35700,1,2,golang メモリ解放,
35800,1,2,golang メンバ変数,
35900,1,2,golang 面试题,
36000,1,3,golang 文字列 結合,
36100,1,3,golang 文字列 切り出し,
36200,1,3,golang 文字列 含む,
36300,1,3,golang 文字列 分割,
36400,1,3,golang 文字列 置換,
36500,1,2,golang 文字列,
36600,1,3,golang 文字列 比較,
36700,1,4,golang 文字列 数値 変換,
36800,1,3,golang 文字列 長さ,
36900,1,3,golang 文字列 変数,
37000,1,2,golang yaml,
37100,1,3,golang yaml 読み込み,
37200,1,3,golang yaml unmarshal,
37300,1,4,golang yaml to struct,
37400,1,3,golang yaml map,
37500,1,3,golang yaml v3,
37600,1,3,golang yaml config,
37700,1,2,golang yang,
37800,1,4,golang yaml default value,
37900,1,4,golang yaml to json,
38000,1,2,golang ユニットテスト,
38100,1,2,golang yum,
38200,1,2,golang 有序map,
38300,1,2,golang 指针,
38400,1,2,golang 雪花id,
38500,1,2,golang 指针赋值,
38600,1,2,golang 指针和引用,
38700,1,2,golang 游戏框架,
38800,1,2,golang 雪花算法,
38900,1,2,golang 游戏服务器,
39000,1,2,golang 読み方,
39100,1,2,golang 予約語,
39200,1,2,golang 曜日,
39300,1,2,golang 用途,
39400,1,2,golang 呼び出し元,
39500,1,2,golang youtube,
39600,1,2,golang 良さ,
39700,1,2,golang 四舍五入,
39800,1,3,golang youtube api,
39900,1,2,golang 要素数,
40000,1,2,golang 乱数,
40100,1,2,golang ライブラリ,
40200,1,2,golang ランダム文字列,
40300,1,2,golang ランダムな数字,
40400,1,2,golang ラムダ式,
40500,1,2,golang ランタイム,
40600,1,2,golang ライセンス,
40700,1,2,golang ラベル,
40800,1,3,golang ライブラリ おすすめ,
40900,1,3,golang ライブラリ インストール,
41000,1,2,golang リフレクション,
41100,1,2,golang リスト,
41200,1,2,golang リテラル,
41300,1,2,golang リリース,
41400,1,2,golang リトライ処理,
41500,1,2,golang リファレンス,
41600,1,2,golang リバースプロキシ,
41700,1,2,golang リアルタイム通信,
41800,1,2,golang リポジトリ,
41900,1,3,golang リスト 追加,
42000,1,2,golang 累乗,
42100,1,2,golang ループ,
42200,1,2,golang rune,
42300,1,2,golang rust,
42400,1,2,golang runtime,
42500,1,2,golang run,
42600,1,4,golang rune to string,
42700,1,2,golang runtime.caller,
42800,1,3,golang run command,
42900,1,3,golang run test,
43000,1,2,golang 連想配列,
43100,1,2,golang レシーバ,
43200,1,2,golang 例外処理,
43300,1,2,golang 例外,
43400,1,2,golang 列挙型,
43500,1,3,golang レシーバ ポインタ,
43600,1,2,golang レイヤードアーキテクチャ,
43700,1,3,golang 連想配列 入れ子,
43800,1,2,golang 歴史,
43900,1,2,golang 練習問題,
44000,1,2,golang ログ出力,
44100,1,2,golang ロゴ,
44200,1,2,golang ログイン認証,
44300,1,2,golang ロードマップ,
44400,1,2,golang ロギング,
44500,1,2,golang ログレベル,
44600,1,2,golang ログイン,
44700,1,2,golang ログローテーション,
44800,1,2,golang 論理演算子,
44900,1,3,golang ログ ライブラリ,
45000,1,2,golang 割り算,
45100,1,3,golang 割り算 あまり,
45200,1,2,golang waitgroup,
45300,1,2,golang wait,
45400,1,2,golang wasm,
45500,1,2,golang wails,
45600,1,2,golang walk,
45700,1,2,golang walkdir,
45800,1,4,golang wait for goroutine,
45900,1,2,golang wasi,
46000,1,2,golang workspace,
46100,1,2,golang worker,
46200,1,3,golang worker pool,
46300,1,2,golang workflow,
46400,1,2,golang wordpress,
46500,1,2,golang workdir,
46600,1,3,golang worker group,
46700,1,2,golang workspaces,
46800,1,2,golang waitgroup,
46900,1,3,golang worker queue,
47000,1,2,golang nginx,
47100,1,2,golang nslookup,
47200,1,2,golang ncurses,
47300,1,3,golang nginx docker,
47400,1,2,golang ndjson,
47500,1,2,golang ntp,
47600,1,2,golang nvim,
47700,1,2,golang nfc,
47800,1,2,golang npm,
47900,1,3,golang ntp client,
48000,1,2,golang 型アサーション,
48100,1,2,golang 型,
48200,1,3,golang 型 確認,
48300,1,2,golang 型変換,
48400,1,2,golang 学習,
48500,1,2,golang 画像処理,
48600,1,2,golang ガベージコレクション,
48700,1,3,golang 型 複数,
48800,1,2,golang 型推論,
48900,1,2,golang 外部コマンド,
49000,1,2,golang 行列計算,
49100,1,2,golang 行列,
49200,1,2,golang 逆引き,
49300,1,2,golang gin,1
49400,1,2,golang github,
49500,1,2,golang gitignore,
49600,1,3,golang gin context,
49700,1,3,golang github actions,
49800,1,2,golang ginkgo,
49900,1,3,golang gin middleware,
50000,1,2,golang グローバル変数,
50100,1,3,golang グローバル変数 初期化,
50200,1,2,golang グラフ,
50300,1,3,golang グローバル変数 大文字,
50400,1,3,golang グローバル変数 別パッケージ,
50500,1,2,golang gui,
50600,1,3,golang gui wails,
50700,1,2,golang uuid,
50800,1,3,golang gui framework,
50900,1,3,golang gui fyne,
51000,1,2,golang 現在時刻,
51100,1,2,golang ゲーム,
51200,1,2,golang ゲームエンジン,
51300,1,3,golang 現在時刻 フォーマット,
51400,1,2,golang 現在日時,
51500,1,2,golang 言語,
51600,1,2,golang 月末,
51700,1,2,golang 言語仕様,
51800,1,2,golang 現在のディレクトリ,
51900,1,3,golang 現在時刻 ミリ秒,
52000,1,2,golang ゴルーチン,
52100,1,2,golang goルーチン,
52200,1,2,golang gorm,
52300,1,2,golang goroutine,
52400,1,2,golang go,
52500,1,2,golang goto,
52600,1,2,golang gorilla,
52700,1,2,golang gopath,
52800,1,2,golang goa,
52900,1,3,golang go 違い,
53000,1,2,golang 在线,
53100,1,2,golang zap,
53200,1,3,golang zap logger,
53300,1,3,golang zap 使い方,
53400,1,3,golang zap sugar,
53500,1,3,golang zap rotate,
53600,1,3,golang zap stacktrace,
53700,1,3,golang zap config,
53800,1,5,golang zap log to file,
53900,1,4,golang zap global logger,
54000,1,2,golang ジェネリクス,
54100,1,2,golang 実行,
54200,1,2,golang 時間計測,
54300,1,2,golang 実行環境,
54400,1,3,golang 自作パッケージ import,
54500,1,2,golang 辞書,
54600,1,3,golang ジェネリクス 構造体,
54700,1,2,golang 剰余,
54800,1,2,golang 循環参照,
54900,1,2,golang 時間,
55000,1,2,golang 随机数,
55100,1,2,golang 随机字符串,
55200,1,2,golang 随机整数,
55300,1,2,golang 随机取数组,
55400,1,3,golang 随机数 范围,
55500,1,2,golang 随机生成字符串,
55600,1,2,golang 随机数种子,
55700,1,2,golang 随机打乱数组,
55800,1,2,golang 随机字符串生成,
55900,1,2,golang 随机时间,
56000,1,2,golang ゼロ値,
56100,1,2,golang 絶対値,
56200,1,2,golang 脆弱性,
56300,1,2,golang ゼロ埋め,
56400,1,2,golang 前方一致,
56500,1,4,golang 全角 半角 変換,
56600,1,3,golang 全角 判定,
56700,1,2,golang 絶対パス,
56800,1,2,golang zookeeper,
56900,1,2,golang zoneinfo,
57000,1,3,golang zoom api,
57100,1,3,golang zookeeper 使用,
57200,1,3,golang time zone,
57300,1,3,golang xml 属性,
57400,1,4,golang time zone offset,
57500,1,4,golang time zone list,
57600,1,3,golang fixed zone,
57700,1,3,golang zookeeper 分布式锁,
57800,1,2,golang ダウンロード,
57900,1,2,golang 代入,
58000,1,2,golang 大文字,
58100,1,2,golang ダックタイピング,
58200,1,2,golang 大規模開発,
58300,1,3,golang ダブルクォーテーション エスケープ,
58400,1,2,golang ダウンキャスト,
58500,1,2,golang 代入演算子,
58600,1,3,golang 大文字 変換,
58700,1,2,golang ダブルクォーテーション,
58800,1,2,golang di,
58900,1,3,golang directory structure,
59000,1,2,golang dictionary,
59100,1,2,golang diff,
59200,1,2,golang directory,
59300,1,3,golang directory exists,
59400,1,3,golang discord bot,
59500,1,2,golang discord,
59600,1,2,golang distroless,
59700,1,2,golang dig,
59800,1,2,golang duration,
59900,1,2,golang dump,
60000,1,3,golang duration format,
60100,1,3,golang duck typing,
60200,1,3,golang duplicate slice,
60300,1,4,golang duration to seconds,
60400,1,4,golang dump http request,
60500,1,4,golang duration to string,
60600,1,3,golang dump struct,
60700,1,3,golang duration add,
60800,1,2,golang ディレクトリ構成,
60900,1,2,golang デフォルト引数,
61000,1,2,golang できること,
61100,1,2,golang デバッグ,
61200,1,2,golang デザインパターン,
61300,1,2,golang デスクトップアプリ,
61400,1,2,golang ディレクトリ作成,
61500,1,3,golang ディレクトリ 存在確認,
61600,1,2,golang デプロイ,
61700,1,2,golang デメリット,
61800,1,2,golang ドット3つ,
61900,1,2,golang ドキュメント,
62000,1,2,golang 独自エラー,
62100,1,2,golang 動的配列,
62200,1,2,golang ドローン,
62300,1,2,golang 独自型,
62400,1,2,golang 動画配信,
62500,1,2,golang docker,
62600,1,2,golang download,
62700,1,2,golang dockerfile,
62800,1,2,golang バージョン,
62900,1,2,golang バージョンアップ,
63000,1,2,golang バッククォート,
63100,1,2,golang バックエンド,
63200,1,2,golang バッチ処理,
63300,1,2,golang バージョン確認,
63400,1,2,golang バージョン管理,
63500,1,2,golang バリデーション,
63600,1,2,golang バイナリ,
63700,1,2,golang バッチ,
63800,1,2,golang ビット演算,
63900,1,2,golang ビルド,
64000,1,2,golang ビット反転,
64100,1,2,golang binary,
64200,1,2,golang bigint,
64300,1,2,golang binary.read,
64400,1,2,golang bigdecimal,
64500,1,2,golang bigcache,
64600,1,2,golang binding,
64700,1,2,golang bigquery,
64800,1,2,golang 文法,
64900,1,2,golang ブラウザ,
65000,1,2,golang ブラウザ操作,
65100,1,2,golang 部分一致,
65200,1,2,golang 部分配列,
65300,1,2,golang 部分文字列,
65400,1,2,golang 分割代入,
65500,1,2,golang 分割,
65600,1,2,golang build,
65700,1,2,golang bufio,
65800,1,2,golang 勉強,
65900,1,2,golang べき乗,
66000,1,2,golang ベンチマーク,
66100,1,2,golang ベストプラクティス,
66200,1,2,golang 勉強方法,
66300,1,3,golang 別ファイル import,
66400,1,2,golang 勉強会,
66500,1,3,golang 別ファイル 関数,
66600,1,2,golang 別ファイル,
66700,1,2,golang 別パッケージ,
66800,1,2,golang bool,
66900,1,4,golang bool to string,
67000,1,4,golang bool to int,
67100,1,2,golang boltdb,
67200,1,3,golang bool pointer,
67300,1,2,golang bootstrap,
67400,1,2,golang boilerplate,
67500,1,3,golang bool format,
67600,1,2,golang book,
67700,1,3,golang bool flag,
67800,1,2,golang パッケージ,
67900,1,2,golang パッケージ名,
68000,1,2,golang パッケージ構成,
68100,1,2,golang パッケージ管理,
68200,1,3,golang パッケージ インストール,
68300,1,3,golang パッケージ名 ハイフン,
68400,1,2,golang パーセント,
68500,1,2,golang パイプ,
68600,1,3,golang パッケージ インポート,
68700,1,2,golang パッケージ変数,
68800,1,2,golang ping,
68900,1,2,golang pipe,
69000,1,2,golang pid,
69100,1,2,golang pic,
69200,1,2,golang pixel,
69300,1,3,golang ping example,
69400,1,2,golang pion,
69500,1,2,golang pipeline,
69600,1,2,golang pickle,
69700,1,2,golang pi,
69800,1,3,golang プロジェクト 作成,
69900,1,2,golang プロジェクト構成,
70000,1,2,golang プロセス間通信,
70100,1,2,golang プロジェクト,
70200,1,2,golang プライベート関数,
70300,1,2,golang プログレスバー,
70400,1,2,golang プッシュ通知,
70500,1,2,golang プライベート変数,
70600,1,2,golang pubsub,
70700,1,4,golang push to array,
70800,1,2,golang ページネーション,
70900,1,2,golang performance,
71000,1,2,golang pem,
71100,1,2,golang peg,
71200,1,2,golang permutation,
71300,1,3,golang peek channel,
71400,1,3,golang performance optimization,
71500,1,3,golang permission denied,
71600,1,2,golang pebble,
71700,1,3,golang performance profiling,
71800,1,2,golang ポインタ,
71900,1,3,golang ポインタ 実体,
72000,1,3,golang ポインタ 使いどころ,
72100,1,2,golang ポインタ渡し,
72200,1,2,golang ポリモーフィズム,
72300,1,2,golang ポートフォリオ,
72400,1,2,golang ポインタレシーバ,
72500,1,3,golang ポインタ nil,
72600,1,3,golang ポインタ 配列,
72700,1,3,golang ポインタ 構造体,
72800,1,2,golang append,
72900,1,2,golang air,
73000,1,2,golang api,
73100,1,2,golang array,
73200,1,2,golang assert,
73300,1,2,golang any,
73400,1,2,golang atoi,
73500,1,3,golang api server,
73600,1,3,golang api フレームワーク,
73700,1,2,golang alpine,
73800,1,2,golang bun,
73900,1,4,golang byte to string,
74000,1,2,golang build,
74100,1,2,golang byte,
74200,1,2,golang バージョン,
74300,1,2,golang base64,
74400,1,2,golang bufio,
74500,1,2,golang bcrypt,
74600,1,3,golang byte string,
74700,1,2,golang benchmark,
74800,1,2,golang context,
74900,1,2,golang const,
75000,1,2,golang channel,
75100,1,2,golang csv,
75200,1,2,golang cobra,
75300,1,2,golang cast,
75400,1,2,golang cli,
75500,1,2,golang chi,
75600,1,2,golang contains,
75700,1,3,golang clean architecture,
75800,1,2,golang defer,
75900,1,2,golang docker,
76000,1,2,golang download,
76100,1,2,golang ディレクトリ構成,
76200,1,2,golang di,
76300,1,2,golang ddd,
76400,1,2,golang デフォルト引数,
76500,1,2,golang date,
76600,1,2,golang database/sql,
76700,1,2,golang document,
76800,1,2,golang echo,1
76900,1,2,golang enum,
77000,1,2,golang error,
77100,1,2,golang ent,
77200,1,2,golang errors,
77300,1,2,golang エラーハンドリング,
77400,1,2,golang env,
77500,1,2,golang excel,
77600,1,2,golang embed,
77700,1,3,golang error wrap,
77800,1,2,golang for,1
77900,1,3,golang for range,
78000,1,2,golang flag,
78100,1,2,golang フレームワーク,
78200,1,2,golang fmt,
78300,1,2,golang for文,
78400,1,2,golang ファイル読み込み,
78500,1,2,golang format,
78600,1,2,golang filepath,
78700,1,2,golang func,
78800,1,2,golang gin,1
78900,1,2,golang generics,
79000,1,2,golang github,
79100,1,2,golang gui,
79200,1,2,golang grpc,
79300,1,2,golang gorm,
79400,1,2,golang graphql,
79500,1,2,golang goroutine,
79600,1,2,golang 型アサーション,
79700,1,2,golang グローバル変数,
79800,1,2,golang 配列,
79900,1,2,golang http,
80000,1,3,golang 配列 初期化,
80100,1,2,golang フレームワーク,
80200,1,3,golang http server,
80300,1,3,golang http request,
80400,1,3,golang http client,
80500,1,3,golang 配列 追加,
80600,1,2,golang ファイル読み込み,
80700,1,2,golang 標準入力,
80800,1,2,golang install,1
80900,1,2,golang interface,1
81000,1,4,golang int to string,
81100,1,2,golang init,
81200,1,2,golang if,
81300,1,2,golang iota,
81400,1,2,golang import,
81500,1,2,golang インストール,
81600,1,2,golang io,
81700,1,4,golang int64 to string,
81800,1,2,golang json,
81900,1,3,golang json marshal,
82000,1,2,golang ジェネリクス,
82100,1,2,golang jwt,
82200,1,2,golang 実行,
82300,1,3,golang json omitempty,
82400,1,3,golang json 読み込み,
82500,1,2,golang join,
82600,1,3,golang json parse,
82700,1,3,golang json tag,
82800,1,2,golang 構造体,
82900,1,2,golang 環境変数,
83000,1,2,golang 継承,
83100,1,2,golang キャスト,
83200,1,3,golang 構造体 初期化,
83300,1,2,golang 環境構築,
83400,1,2,golang 関数,
83500,1,2,golang コンストラクタ,
83600,1,2,golang 可変長引数,
83700,1,2,golang クリーンアーキテクチャ,
83800,1,2,golang log,
83900,1,2,golang logger,
84000,1,2,golang lo,
84100,1,2,golang lambda,
84200,1,2,golang list,
84300,1,2,golang lint,
84400,1,2,golang len,
84500,1,2,golang latest,
84600,1,2,golang logo,
84700,1,2,golang linter,
84800,1,2,golang map,1
84900,1,2,golang make,
85000,1,3,golang map 初期化,1
85100,1,2,golang migrate,
85200,1,3,golang map 存在確認,1
85300,1,2,golang mysql,
85400,1,2,golang mock,
85500,1,3,golang 文字列 結合,
85600,1,3,golang map for,1
85700,1,2,golang 無名関数,
85800,1,2,golang 入門,
85900,1,2,golang net/http,
86000,1,2,golang new,
86100,1,2,golang nil,
86200,1,2,golang net,
86300,1,2,golang null,
86400,1,3,golang nil 判定,
86500,1,3,golang new error,
86600,1,2,golang 二次元配列,
86700,1,2,golang nullable,
86800,1,2,golang オワコン,
86900,1,2,golang orm,
87000,1,2,golang os,
87100,1,2,golang オブジェクト指向,
87200,1,2,golang omitempty,
87300,1,2,golang optional,
87400,1,2,golang oauth2,
87500,1,2,golang openapi,
87600,1,2,golang oss,
87700,1,2,golang or,
87800,1,2,golang playground,1
87900,1,2,golang ポインタ,
88000,1,2,golang printf,
88100,1,2,golang panic,
88200,1,2,golang package,
88300,1,2,golang postgresql,
88400,1,2,golang path,
88500,1,2,golang pprof,
88600,1,2,golang print,
88700,1,2,golang pdf,
88800,1,2,golang queue,
88900,1,2,golang qiita,
89000,1,3,golang query builder,
89100,1,2,golang q,
89200,1,2,golang queryrow,
89300,1,2,golang query,
89400,1,2,golang quic,
89500,1,2,golang qt,
89600,1,3,golang query parameter,
89700,1,2,golang qrcode,
89800,1,2,golang regexp,
89900,1,2,golang range,
90000,1,2,golang rune,
90100,1,2,golang reflect,
90200,1,2,golang replace,
90300,1,2,golang redis,
90400,1,2,golang random,
90500,1,2,golang recover,
90600,1,2,golang 乱数,
90700,1,3,golang rest api,
90800,1,2,golang switch,1
90900,1,2,golang slog,
91000,1,2,golang slice,
91100,1,2,golang sleep,
91200,1,2,golang struct,
91300,1,2,golang sort,
91400,1,2,golang 正規表現,
91500,1,4,golang string to int,
91600,1,2,golang 三項演算子,
91700,1,2,golang split,
91800,1,2,golang test,
91900,1,2,golang time,
92000,1,3,golang time format,
92100,1,2,golang template,
92200,1,2,golang type,
92300,1,2,golang tutorial,
92400,1,2,golang 定数,
92500,1,2,golang testing,
92600,1,2,golang testify,
92700,1,2,golang とは,
92800,1,2,golang uuid,
92900,1,2,golang update,
93000,1,2,golang url,
93100,1,3,golang uuid 生成,
93200,1,2,golang unmarshal,
93300,1,3,golang url parse,
93400,1,2,golang union,
93500,1,2,golang ulid,
93600,1,2,golang ubuntu,
93700,1,2,golang uint,
93800,1,2,golang version,
93900,1,2,golang validator,
94000,1,2,golang vscode,
94100,1,2,golang viper,
94200,1,2,golang var,
94300,1,3,golang version up,
94400,1,2,golang v,
94500,1,2,golang validation,
94600,1,2,golang validate,
94700,1,3,golang vscode 拡張機能,
94800,1,2,golang while,
94900,1,2,golang websocket,
95000,1,2,golang wire,
95100,1,3,golang web framework,
95200,1,2,golang waitgroup,
95300,1,2,golang webアプリ,
95400,1,2,golang windows,
95500,1,2,golang wasm,
95600,1,2,golang walk,
95700,1,2,golang workspace,
95800,1,2,golang xml,
95900,1,2,golang xerrors,
96000,1,2,golang xo,
96100,1,2,golang xid,
96200,1,2,golang xor,
96300,1,2,golang x,
96400,1,2,golang xlsx,
96500,1,3,golang xml 読み込み,
96600,1,3,golang xml parser,
96700,1,2,golang x509,
96800,1,2,golang yaml,
96900,1,2,golang 読み方,
97000,1,3,golang yaml 読み込み,
97100,1,2,golang yield,
97200,1,2,golang ユニットテスト,
97300,1,3,golang yaml unmarshal,
97400,1,2,golang 予約語,
97500,1,2,golang 曜日,
97600,1,2,golang 用途,
97700,1,2,golang youtube,
97800,1,2,golang ジェネリクス,
97900,1,2,golang zap,
98000,1,2,golang 実行,
98100,1,2,golang zip,
98200,1,2,golang zerolog,
98300,1,2,golang 時間計測,
98400,1,2,golang ゼロ値,
98500,1,2,golang 絶対値,
98600,1,2,golang 実行環境,
98700,1,3,golang 自作パッケージ import,
98800,1,2,golang 0埋め,
98900,1,2,golang 0x,
99000,1,2,golang 0644,
99100,1,2,golang 0除算,
99200,1,3,golang 0 padding,
99300,1,2,golang 0,
99400,1,2,golang 0b,
99500,1,4,golang 0.1 + 0.2,
99600,1,2,golang 0xff,
99700,1,2,golang 0x0,
99800,1,2,golang 1.21,
99900,1,2,golang 1.20,
100000,1,2,golang 1.22,
100100,1,2,golang 1.19,
100200,1,3,golang 1.21 slices,
100300,1,2,golang 1.18,
100400,1,3,golang 100 tips,
100500,1,2,golang 16進数,
100600,1,2,golang 1.23,
100700,1,3,golang 1.20 変更点,
100800,1,2,golang 2,
100900,1,2,golang 2次元配列,
101000,1,2,golang 2.0,
101100,1,2,golang 2進数,
101200,1,2,golang 2乗,
101300,1,3,golang 2次元配列 make,
101400,1,3,golang 2 いつ,
101500,1,3,golang 2重ループ break,
101600,1,2,golang 21,
101700,1,2,golang 2次元スライス,
101800,1,2,golang 3項演算子,
101900,1,2,golang 3d,
102000,1,2,golang 3点リーダ,
102100,1,3,golang 3d graphics,
102200,1,3,golang 32 bit,
102300,1,3,golang 3d array,
102400,1,3,golang 302 redirect,
102500,1,4,golang 3 dots operator,
102600,1,3,golang 3桁 カンマ,
102700,1,3,golang 3d rendering,
102800,1,5,golang 404 page not found,
102900,1,4,golang 400 bad request,
103000,1,3,golang 403 forbidden,
103100,1,2,golang 404,
103200,1,5,golang 405 method not allowed,
103300,1,2,golang 499,
103400,1,3,golang 401 unauthorized,
103500,1,5,golang 4 bytes to int,
103600,1,2,golang 431,
103700,1,4,golang 404 not found,
103800,1,3,golang 50 shades,
103900,1,4,golang 5 minutes ago,
104000,1,4,golang 502 bad gateway,
104100,1,3,golang 5 seconds,
104200,1,2,golang 500,
104300,1,2,golang 502,
104400,1,4,golang 504 gateway time-out,
104500,1,3,golang 500 error,
104600,1,2,golang 5g,
104700,1,4,golang 503 service unavailable,
104800,1,2,golang 6502,
104900,1,3,golang 6502 emulator,
105000,1,3,golang 64 10,
105100,1,2,golang base64,
105200,1,3,golang base64 decode,
105300,1,2,golang float64,
105400,1,5,golang random 6 digit number,
105500,1,3,golang base64 encode,
105600,1,3,golang atoi 64,
105700,1,2,install golang(arm-64),
105800,1,2,golang 7zip,
105900,1,3,golang 7z package,
106000,1,4,golang 7 days ago,
106100,1,3,golang 7z unzip,
106200,1,3,golang 7zip compress,
106300,1,3,golang 7z zip,
106400,1,2,golang 7days,
106500,1,4,golang vs .net 7,
106600,1,3,rhel 7 golang,
106700,1,3,rfc 7807 golang,
106800,1,2,golang 8601,
106900,1,2,golang 802.1x,
107000,1,2,golang 8g,
107100,1,2,golang 8nv,
107200,1,2,golang 8进制,
107300,1,2,golang 8c,
107400,1,4,golang iso 8601 duration,
107500,1,3,golang utf-8 string,
107600,1,4,golang install centos 8,
107700,1,3,golang iso 8601,
107800,1,2,golang 9p,
107900,1,3,golang graphql 99design,
108000,1,2,golang 10^9,
108100,1,3,golang windows 98,
108200,1,3,golang killed 9,
108300,1,3,golang ios 9,
108400,1,3,port 9093 golang,
108500,1,3,plan 9 golang,
108600,1,3,rhel 9 golang,
108700,1,2,9front golang,
